user-id,user-age,user-gender,user-nationality,user-knowledge,user-loyalty,user-loan,user-income,user-savings,user-properties,user-riskAversion,user-marital,user-dependents,user-pension,product-type,product-risk,product-term,product-yield,transaction-id,year,month,score
ID500,41,female,local,low,sporadic,no,10822,132392,0,high,married,0,483040,bond,medium,30,medium,T5000,2019,9,0.061877042444781816
ID500,41,female,local,low,sporadic,no,10822,132392,0,high,married,0,483040,stock,high,10,high,T5001,2019,10,0.1797462108328008
ID500,41,female,local,low,sporadic,no,10822,132392,0,high,married,0,483040,etf,high,10,high,T5002,2019,9,0.7679180473142817
ID500,41,female,local,low,sporadic,no,10822,132392,0,high,married,0,483040,etf,low,20,low,T5003,2017,12,0.6062407601287859
ID501,25,male,local,low,new,no,5284,51806,0,low,single,5,113300,etf,low,1,low,T5004,2019,10,0.8290348807901569
ID501,25,male,local,low,new,no,5284,51806,0,low,single,5,113300,etf,medium,20,medium,T5005,2018,8,0.5252072362470369
ID501,25,male,local,low,new,no,5284,51806,0,low,single,5,113300,stock,high,5,high,T5006,2017,2,1.0
ID501,25,male,local,low,new,no,5284,51806,0,low,single,5,113300,bond,medium,20,medium,T5007,2018,4,0.7194803771003664
ID501,25,male,local,low,new,no,5284,51806,0,low,single,5,113300,etf,low,1,low,T5008,2018,4,0.1024555045216814
ID503,26,male,local,low,new,no,5375,35494,0,low,single,6,203225,etf,low,10,low,T5014,2015,5,0.05031581607070157
ID503,26,male,local,low,new,no,5375,35494,0,low,single,6,203225,etf,medium,5,medium,T5015,2016,2,0.21260578199380675
ID505,47,male,local,high,new,yes,13622,52221,4,high,married,4,4432688,etf,high,5,high,T5016,2018,2,0.0
ID506,27,male,foreign,low,long-term,no,5072,46566,2,low,single,1,595266,stock,medium,5,medium,T5017,2018,1,0.07775551942779407
ID507,52,male,foreign,low,new,no,15487,110118,0,high,divorced,0,6707222,bond,low,10,low,T5018,2015,7,0.07185603817150998
ID507,52,male,foreign,low,new,no,15487,110118,0,high,divorced,0,6707222,bond,medium,1,medium,T5019,2015,4,0.668334898858295
ID508,34,male,foreign,medium,new,no,7923,75581,1,low,married,3,965484,etf,medium,5,medium,T5020,2019,7,0.7961963262567514
ID508,34,male,foreign,medium,new,no,7923,75581,1,low,married,3,965484,etf,high,5,high,T5021,2016,9,0.6665258345588175
ID508,34,male,foreign,medium,new,no,7923,75581,1,low,married,3,965484,bond,medium,5,medium,T5022,2018,8,0.0554905964122403
ID508,34,male,foreign,medium,new,no,7923,75581,1,low,married,3,965484,etf,high,10,high,T5023,2016,2,0.5565303355971849
ID508,34,male,foreign,medium,new,no,7923,75581,1,low,married,3,965484,stock,high,1,high,T5024,2019,10,0.8467153298476121
ID509,33,female,local,high,new,no,8070,126191,2,low,married,0,208548,etf,high,30,high,T5025,2016,3,0.7811946406514398
ID510,30,female,local,low,new,no,6898,68755,1,low,single,2,533160,etf,low,1,low,T5026,2019,3,0.5635554706343181
ID511,49,female,local,low,new,no,13912,136739,4,high,married,3,9951704,bond,low,10,low,T5027,2015,12,0.5906157487221754
ID511,49,female,local,low,new,no,13912,136739,4,high,married,3,9951704,etf,medium,1,medium,T5028,2019,10,0.7816135766759255
ID514,41,male,local,low,sporadic,yes,10936,112662,6,high,married,0,1669320,stock,low,5,low,T5031,2016,7,0.6003615403584107
ID514,41,male,local,low,sporadic,yes,10936,112662,6,high,married,0,1669320,etf,high,5,high,T5032,2018,9,0.24021099110188376
ID515,27,male,local,low,sporadic,no,6207,50510,0,low,married,6,271164,stock,medium,5,medium,T5033,2018,7,0.28651097289234445
ID515,27,male,local,low,sporadic,no,6207,50510,0,low,married,6,271164,stock,low,30,low,T5034,2015,11,0.1909642598478773
ID515,27,male,local,low,sporadic,no,6207,50510,0,low,married,6,271164,etf,high,5,high,T5035,2018,7,0.5727704485705
ID515,27,male,local,low,sporadic,no,6207,50510,0,low,married,6,271164,etf,high,20,high,T5036,2017,5,0.7739378228755558
ID517,45,female,local,high,new,no,12406,115758,0,high,married,3,1982232,etf,low,10,low,T5037,2018,7,0.0
ID517,45,female,local,high,new,no,12406,115758,0,high,married,3,1982232,etf,low,30,low,T5038,2016,12,0.20218788542665467
ID517,45,female,local,high,new,no,12406,115758,0,high,married,3,1982232,bond,high,1,high,T5039,2016,10,0.6829903065199824
ID518,46,male,local,low,new,no,13730,175147,1,high,married,0,3744625,etf,high,30,high,T5040,2016,6,0.683178996333123
ID519,39,male,foreign,low,new,no,10621,146457,0,low,married,0,3325734,stock,low,10,low,T5041,2018,8,0.0
ID520,46,female,local,low,new,no,12407,200920,1,high,married,0,5069375,bond,high,5,high,T5042,2018,3,0.0
ID521,42,male,local,low,sporadic,no,11460,112792,2,high,single,0,2231418,etf,high,5,high,T5043,2018,6,0.5803685742511706
ID521,42,male,local,low,sporadic,no,11460,112792,2,high,single,0,2231418,etf,high,20,high,T5044,2017,5,0.6205678290486467
ID521,42,male,local,low,sporadic,no,11460,112792,2,high,single,0,2231418,bond,medium,1,medium,T5045,2017,10,0.6818442755923243
ID521,42,male,local,low,sporadic,no,11460,112792,2,high,single,0,2231418,etf,low,30,low,T5046,2016,2,0.12478148731314104
ID521,42,male,local,low,sporadic,no,11460,112792,2,high,single,0,2231418,stock,high,20,high,T5047,2018,12,0.20308829479898965
ID521,42,male,local,low,sporadic,no,11460,112792,2,high,single,0,2231418,etf,medium,1,medium,T5048,2018,6,0.26916453618530084
ID522,45,male,local,medium,new,yes,13116,159911,3,high,divorced,0,1685280,stock,medium,20,medium,T5049,2016,4,1.0
ID522,45,male,local,medium,new,yes,13116,159911,3,high,divorced,0,1685280,etf,high,10,high,T5050,2017,9,0.24590126758717218
ID522,45,male,local,medium,new,yes,13116,159911,3,high,divorced,0,1685280,bond,high,30,high,T5051,2018,6,0.6052140116492948
ID523,52,female,local,low,long-term,no,14860,144617,0,high,married,0,2241827,etf,low,5,low,T5052,2017,9,0.6473736968044448
ID523,52,female,local,low,long-term,no,14860,144617,0,high,married,0,2241827,stock,medium,20,medium,T5053,2015,11,0.6222126647090758
ID523,52,female,local,low,long-term,no,14860,144617,0,high,married,0,2241827,bond,medium,1,medium,T5054,2018,12,0.1418111842749703
ID523,52,female,local,low,long-term,no,14860,144617,0,high,married,0,2241827,etf,high,20,high,T5055,2019,12,0.2922544215267263
ID524,52,female,foreign,low,new,no,15487,143216,4,high,married,0,5781996,etf,high,30,high,T5056,2018,8,0.9630061069839202
ID525,41,female,foreign,high,new,no,10742,77653,1,high,single,0,3472520,etf,low,1,low,T5057,2015,1,0.9378979785550792
ID525,41,female,foreign,high,new,no,10742,77653,1,high,single,0,3472520,bond,high,30,high,T5058,2015,2,0.7546931686563836
ID525,41,female,foreign,high,new,no,10742,77653,1,high,single,0,3472520,etf,high,1,high,T5059,2019,9,0.8315170993770326
ID525,41,female,foreign,high,new,no,10742,77653,1,high,single,0,3472520,stock,high,5,high,T5060,2018,2,0.7115251976401054
ID526,55,male,local,low,new,no,17122,169612,2,high,married,0,6242842,etf,high,1,high,T5061,2019,4,0.0
ID526,55,male,local,low,new,no,17122,169612,2,high,married,0,6242842,etf,high,1,high,T5062,2016,8,0.5890593015547986
ID526,55,male,local,low,new,no,17122,169612,2,high,married,0,6242842,etf,low,10,low,T5063,2015,8,0.03358197049039341
ID527,44,female,local,low,long-term,no,12509,87556,1,high,single,2,2894320,bond,medium,5,medium,T5064,2017,3,0.500307952344408
ID527,44,female,local,low,long-term,no,12509,87556,1,high,single,2,2894320,etf,low,30,low,T5065,2017,8,0.7091262796752554
ID528,35,female,local,low,sporadic,yes,8617,93739,0,low,single,0,1438052,etf,medium,10,medium,T5066,2017,3,0.8560202032278525
ID528,35,female,local,low,sporadic,yes,8617,93739,0,low,single,0,1438052,etf,high,20,high,T5067,2016,8,0.5969647213912567
ID529,48,male,foreign,low,long-term,no,14461,211060,2,high,married,0,5798304,etf,low,10,low,T5068,2017,7,0.0
ID529,48,male,foreign,low,long-term,no,14461,211060,2,high,married,0,5798304,bond,high,10,high,T5069,2018,3,0.6110210259858465
ID529,48,male,foreign,low,long-term,no,14461,211060,2,high,married,0,5798304,bond,low,20,low,T5070,2015,2,0.7390387461535297
ID529,48,male,foreign,low,long-term,no,14461,211060,2,high,married,0,5798304,bond,high,30,high,T5071,2018,8,0.2908831635416983
ID530,48,male,local,low,long-term,no,13427,131479,1,high,single,0,3396870,bond,high,1,high,T5072,2018,8,0.0569641025560782
ID530,48,male,local,low,long-term,no,13427,131479,1,high,single,0,3396870,stock,high,20,high,T5073,2016,1,0.13919409063583876
ID530,48,male,local,low,long-term,no,13427,131479,1,high,single,0,3396870,etf,low,5,low,T5074,2017,3,0.22581416660882403
ID530,48,male,local,low,long-term,no,13427,131479,1,high,single,0,3396870,etf,high,30,high,T5075,2016,7,0.8401723382077725
ID531,39,female,local,low,new,yes,11541,65682,0,low,single,0,876816,etf,high,10,high,T5076,2019,8,0.5741696770828536
ID531,39,female,local,low,new,yes,11541,65682,0,low,single,0,876816,stock,low,1,low,T5077,2015,3,0.6000309843781646
ID532,41,male,local,low,new,no,10275,109457,2,high,married,0,1231100,etf,low,1,low,T5078,2017,2,0.0
ID532,41,male,local,low,new,no,10275,109457,2,high,married,0,1231100,etf,high,5,high,T5079,2016,9,0.2811168574602318
ID533,52,female,local,low,new,yes,15575,167947,3,high,single,0,3885633,stock,high,20,high,T5080,2016,10,0.6531120242473466
ID533,52,female,local,low,new,yes,15575,167947,3,high,single,0,3885633,bond,high,10,high,T5081,2016,3,0.21523129455067386
ID533,52,female,local,low,new,yes,15575,167947,3,high,single,0,3885633,etf,low,1,low,T5082,2019,4,0.6075634149881539
ID533,52,female,local,low,new,yes,15575,167947,3,high,single,0,3885633,etf,medium,5,medium,T5083,2017,6,0.7649201558824792
ID533,52,female,local,low,new,yes,15575,167947,3,high,single,0,3885633,etf,low,20,low,T5084,2017,11,0.24747813410183223
ID535,33,male,foreign,low,sporadic,yes,7808,109534,0,low,single,0,330144,etf,low,1,low,T5089,2019,6,0.6717499202813844
ID536,43,male,local,high,new,no,11625,151340,0,high,married,1,3004496,stock,low,10,low,T5090,2015,5,0.6733266827875113
ID536,43,male,local,high,new,no,11625,151340,0,high,married,1,3004496,bond,low,10,low,T5091,2018,11,0.2720129385447017
ID536,43,male,local,high,new,no,11625,151340,0,high,married,1,3004496,etf,high,20,high,T5092,2019,9,0.2808574333270556
ID536,43,male,local,high,new,no,11625,151340,0,high,married,1,3004496,etf,high,1,high,T5093,2019,7,0.7853273620920728
ID537,48,male,local,low,new,no,12992,149497,3,high,married,0,3556143,etf,medium,10,medium,T5094,2017,3,0.5331731808132754
ID538,25,female,local,high,new,no,4219,50921,2,low,single,2,189140,bond,high,30,high,T5095,2018,2,0.89759976097151
ID538,25,female,local,high,new,no,4219,50921,2,low,single,2,189140,etf,low,1,low,T5096,2016,9,0.25736663225932516
ID539,37,male,local,low,new,no,9052,83697,2,low,married,0,2947104,etf,high,5,high,T5097,2016,12,0.6579116128985846
ID539,37,male,local,low,new,no,9052,83697,2,low,married,0,2947104,bond,low,10,low,T5098,2018,10,0.7986761933863405
ID540,47,male,local,low,long-term,no,12163,126088,4,high,single,2,5665868,bond,high,5,high,T5099,2018,11,0.06598882851649956
ID540,47,male,local,low,long-term,no,12163,126088,4,high,single,2,5665868,bond,low,1,low,T5100,2018,12,0.26979000967346717
ID540,47,male,local,low,long-term,no,12163,126088,4,high,single,2,5665868,etf,low,20,low,T5101,2017,9,0.10329698989191749
ID540,47,male,local,low,long-term,no,12163,126088,4,high,single,2,5665868,etf,high,10,high,T5102,2017,2,0.6035652431192209
ID540,47,male,local,low,long-term,no,12163,126088,4,high,single,2,5665868,etf,low,5,low,T5103,2015,2,0.6526889751449602
ID541,48,male,local,low,new,no,13031,87649,3,high,married,0,6248772,bond,low,30,low,T5104,2018,9,0.7296079250218821
ID541,48,male,local,low,new,no,13031,87649,3,high,married,0,6248772,etf,high,5,high,T5105,2018,2,0.5420111952967748
ID541,48,male,local,low,new,no,13031,87649,3,high,married,0,6248772,etf,high,1,high,T5106,2015,9,0.7350977290531233
ID542,32,male,local,low,sporadic,no,7214,48437,0,low,married,0,358886,etf,low,20,low,T5107,2016,5,0.06467050430602184
ID542,32,male,local,low,sporadic,no,7214,48437,0,low,married,0,358886,etf,high,10,high,T5108,2018,10,0.05720597369833319
ID542,32,male,local,low,sporadic,no,7214,48437,0,low,married,0,358886,etf,high,5,high,T5109,2017,7,0.7202125343625008
ID543,56,female,local,low,new,yes,16730,138525,0,high,single,4,6438180,etf,low,20,low,T5110,2015,3,0.817269019362791
ID545,41,male,foreign,low,long-term,no,10549,159496,0,high,married,0,3379580,etf,low,1,low,T5112,2018,9,0.024780422049429485
ID545,41,male,foreign,low,long-term,no,10549,159496,0,high,married,0,3379580,stock,medium,5,medium,T5113,2018,3,0.5706922666183307
ID547,43,female,local,low,new,no,10590,72730,0,high,divorced,1,2286394,bond,medium,5,medium,T5114,2017,11,0.0
ID547,43,female,local,low,new,no,10590,72730,0,high,divorced,1,2286394,etf,low,10,low,T5115,2019,2,0.24454318934147917
ID547,43,female,local,low,new,no,10590,72730,0,high,divorced,1,2286394,etf,low,30,low,T5116,2016,11,0.8558638340411954
ID547,43,female,local,low,new,no,10590,72730,0,high,divorced,1,2286394,bond,low,30,low,T5117,2015,3,0.12699529499724627
ID548,41,female,local,high,new,no,11885,127911,1,high,married,2,2468980,bond,high,20,high,T5118,2018,2,0.7122361889298978
ID548,41,female,local,high,new,no,11885,127911,1,high,married,2,2468980,etf,high,1,high,T5119,2019,3,0.25626943619765147
ID548,41,female,local,high,new,no,11885,127911,1,high,married,2,2468980,etf,low,5,low,T5120,2017,1,0.5418384344875985
ID550,25,female,local,medium,new,no,4093,38640,1,low,married,3,97508,stock,high,30,high,T5121,2016,12,0.8013728729783525
ID551,48,female,local,medium,new,no,14544,106085,3,high,married,0,5314167,etf,high,20,high,T5122,2017,8,0.8943767114953187
ID551,48,female,local,medium,new,no,14544,106085,3,high,married,0,5314167,stock,low,1,low,T5123,2018,2,0.5860676043616571
ID552,45,male,foreign,low,long-term,no,12094,155909,3,high,single,3,24960,bond,medium,10,medium,T5124,2017,2,0.6097547779370147
ID552,45,male,foreign,low,long-term,no,12094,155909,3,high,single,3,24960,stock,low,5,low,T5125,2019,12,0.04047607255528912
ID552,45,male,foreign,low,long-term,no,12094,155909,3,high,single,3,24960,etf,medium,10,medium,T5126,2018,8,0.25374676581968775
ID552,45,male,foreign,low,long-term,no,12094,155909,3,high,single,3,24960,bond,low,20,low,T5127,2016,7,0.6496600034376385
ID552,45,male,foreign,low,long-term,no,12094,155909,3,high,single,3,24960,bond,medium,20,medium,T5128,2019,9,0.14327705266865165
ID553,44,female,local,low,new,no,11986,176564,0,high,married,0,2328934,stock,high,30,high,T5129,2019,7,0.56042836766269
ID553,44,female,local,low,new,no,11986,176564,0,high,married,0,2328934,bond,high,1,high,T5130,2018,9,0.8161678007470984
ID553,44,female,local,low,new,no,11986,176564,0,high,married,0,2328934,bond,medium,10,medium,T5131,2016,1,0.25396884489394206
ID554,29,male,local,low,new,no,5956,55010,4,low,single,1,550152,bond,low,20,low,T5132,2018,12,0.5819848986256348
ID554,29,male,local,low,new,no,5956,55010,4,low,single,1,550152,bond,high,5,high,T5133,2019,3,0.22190174353174902
ID554,29,male,local,low,new,no,5956,55010,4,low,single,1,550152,bond,medium,10,medium,T5134,2016,2,0.6626108430569599
ID554,29,male,local,low,new,no,5956,55010,4,low,single,1,550152,bond,high,1,high,T5135,2016,3,0.26629244909792643
ID554,29,male,local,low,new,no,5956,55010,4,low,single,1,550152,bond,low,30,low,T5136,2018,9,0.1787275168077957
ID555,46,female,local,low,new,no,12430,112877,0,high,married,1,3549125,stock,high,30,high,T5137,2018,2,0.8216097963816661
ID556,28,female,local,medium,new,no,5306,30746,2,low,single,2,63,etf,low,10,low,T5138,2018,2,0.16636510084671968
ID556,28,female,local,medium,new,no,5306,30746,2,low,single,2,63,stock,high,20,high,T5139,2018,12,0.2868937425401739
ID557,38,female,local,low,new,no,9821,86641,4,low,single,0,1877718,etf,medium,5,medium,T5140,2018,8,0.5128810290516606
ID557,38,female,local,low,new,no,9821,86641,4,low,single,0,1877718,stock,low,30,low,T5141,2015,2,0.2015199525189963
ID557,38,female,local,low,new,no,9821,86641,4,low,single,0,1877718,stock,high,5,high,T5142,2019,2,0.2691068170836179
ID557,38,female,local,low,new,no,9821,86641,4,low,single,0,1877718,bond,medium,30,medium,T5143,2019,5,0.6181844656735224
ID558,34,male,local,medium,new,no,8421,102204,4,low,single,1,830414,stock,high,30,high,T5144,2016,6,0.596246315269412
ID558,34,male,local,medium,new,no,8421,102204,4,low,single,1,830414,etf,medium,1,medium,T5145,2018,9,0.22875386709382534
ID559,26,female,foreign,low,new,yes,4974,46752,0,low,single,0,264075,etf,low,10,low,T5146,2018,1,0.08517047326161375
ID559,26,female,foreign,low,new,yes,4974,46752,0,low,single,0,264075,bond,high,20,high,T5147,2018,11,0.6453102840876259
ID559,26,female,foreign,low,new,yes,4974,46752,0,low,single,0,264075,etf,medium,5,medium,T5148,2019,1,0.7973213670070042
ID560,42,male,local,low,sporadic,yes,10636,165589,3,high,married,0,2014509,etf,low,30,low,T5149,2019,1,0.04944400885186423
ID560,42,male,local,low,sporadic,yes,10636,165589,3,high,married,0,2014509,etf,high,10,high,T5150,2018,3,0.7147101583316455
ID561,44,female,local,low,long-term,no,12208,83768,5,high,married,0,1162903,etf,low,30,low,T5151,2016,4,0.5752813935129379
ID562,35,male,foreign,medium,sporadic,no,8647,40150,0,low,married,0,1706978,stock,medium,1,medium,T5152,2018,3,0.6850884344802693
ID562,35,male,foreign,medium,sporadic,no,8647,40150,0,low,married,0,1706978,etf,high,1,high,T5153,2018,10,0.22307781873422278
ID564,36,female,local,low,new,no,9189,52120,0,low,divorced,0,1319340,bond,medium,1,medium,T5154,2016,1,0.9085387806848213
ID564,36,female,local,low,new,no,9189,52120,0,low,divorced,0,1319340,etf,low,10,low,T5155,2019,6,0.1194144847497926
ID565,23,female,local,low,new,no,3792,42491,1,low,single,4,117484,etf,low,10,low,T5156,2018,8,0.8906127460775319
ID566,43,female,local,low,new,no,11727,168288,0,high,single,0,1585254,stock,high,5,high,T5157,2017,9,0.07537581973574248
ID567,38,female,local,low,long-term,no,9703,96832,3,low,single,0,1698725,stock,high,1,high,T5158,2018,9,0.7499941789266281
ID567,38,female,local,low,long-term,no,9703,96832,3,low,single,0,1698725,etf,low,10,low,T5159,2018,7,0.2491076749639643
ID567,38,female,local,low,long-term,no,9703,96832,3,low,single,0,1698725,stock,low,1,low,T5160,2016,3,0.6324090328559666
ID567,38,female,local,low,long-term,no,9703,96832,3,low,single,0,1698725,etf,low,5,low,T5161,2017,3,0.6489722301543329
ID569,31,male,local,low,new,no,6605,52490,1,low,married,0,1415900,etf,high,5,high,T5162,2019,4,0.015347864886645746
ID569,31,male,local,low,new,no,6605,52490,1,low,married,0,1415900,etf,high,10,high,T5163,2018,2,0.1287557472325166
ID569,31,male,local,low,new,no,6605,52490,1,low,married,0,1415900,stock,high,5,high,T5164,2015,3,0.6797196356491477
ID569,31,male,local,low,new,no,6605,52490,1,low,married,0,1415900,bond,medium,5,medium,T5165,2018,9,0.139287903225022
ID571,25,female,foreign,low,new,no,3789,37052,3,low,single,2,185268,stock,high,10,high,T5168,2015,12,0.754405913305525
ID572,39,female,foreign,low,long-term,no,10195,113780,1,low,married,0,2826396,etf,medium,30,medium,T5169,2017,8,0.5903919684961902
ID572,39,female,foreign,low,long-term,no,10195,113780,1,low,married,0,2826396,etf,high,10,high,T5170,2017,2,0.0
ID572,39,female,foreign,low,long-term,no,10195,113780,1,low,married,0,2826396,etf,medium,20,medium,T5171,2018,8,0.8927318853866884
ID572,39,female,foreign,low,long-term,no,10195,113780,1,low,married,0,2826396,bond,low,10,low,T5172,2018,5,0.18947128609175184
ID572,39,female,foreign,low,long-term,no,10195,113780,1,low,married,0,2826396,etf,low,10,low,T5173,2019,6,0.7323227968190222
ID573,31,female,local,low,new,yes,6325,112234,3,low,married,0,924680,stock,high,5,high,T5174,2018,8,0.5276403229018687
ID574,49,male,local,high,new,yes,15263,241623,1,high,married,7,3613764,etf,high,30,high,T5175,2018,1,0.5931467426884478
ID574,49,male,local,high,new,yes,15263,241623,1,high,married,7,3613764,bond,low,10,low,T5176,2015,3,0.0
ID574,49,male,local,high,new,yes,15263,241623,1,high,married,7,3613764,etf,low,10,low,T5177,2016,8,0.8505507108367223
ID575,49,female,local,low,new,yes,14630,103989,1,high,married,0,10730804,etf,low,10,low,T5178,2018,5,0.7181658646549018
ID575,49,female,local,low,new,yes,14630,103989,1,high,married,0,10730804,stock,low,5,low,T5179,2016,9,0.1670444626339253
ID576,41,male,local,low,new,no,10367,160342,1,high,single,0,2011240,bond,low,5,low,T5180,2015,9,0.6391468401431745
ID576,41,male,local,low,new,no,10367,160342,1,high,single,0,2011240,etf,high,5,high,T5181,2018,1,0.6413766445512431
ID576,41,male,local,low,new,no,10367,160342,1,high,single,0,2011240,bond,low,1,low,T5182,2015,4,0.9259691542063107
ID578,37,female,local,low,sporadic,no,8737,64250,2,low,single,0,764096,stock,medium,5,medium,T5183,2019,3,0.5529953709257613
ID579,42,female,local,medium,new,no,11669,96366,0,high,married,0,3412836,etf,high,10,high,T5184,2019,2,0.7308364353331168
ID579,42,female,local,medium,new,no,11669,96366,0,high,married,0,3412836,etf,medium,10,medium,T5185,2015,5,0.6691665426989987
ID579,42,female,local,medium,new,no,11669,96366,0,high,married,0,3412836,bond,high,5,high,T5186,2018,8,0.5091210493331279
ID579,42,female,local,medium,new,no,11669,96366,0,high,married,0,3412836,etf,low,10,low,T5187,2015,4,0.6170159826042794
ID580,31,male,local,low,new,no,7297,59067,3,low,married,0,889830,etf,low,1,low,T5188,2016,11,1.0
ID583,31,female,local,low,new,no,7074,53244,1,low,married,0,922500,etf,low,10,low,T5189,2017,11,0.0
ID584,41,male,local,medium,sporadic,no,11407,89495,0,high,single,0,2200600,etf,high,30,high,T5190,2018,11,0.04898250412447269
ID585,43,female,local,low,new,yes,11716,123098,0,high,married,0,1566532,etf,high,30,high,T5191,2018,10,0.06051078751706829
ID586,39,female,local,low,sporadic,no,9177,89652,3,low,married,0,1701432,stock,low,5,low,T5192,2019,1,0.0
ID587,49,male,local,high,sporadic,no,14099,135609,5,high,divorced,0,3834432,stock,low,30,low,T5193,2018,3,0.08696428136668027
ID587,49,male,local,high,sporadic,no,14099,135609,5,high,divorced,0,3834432,etf,high,30,high,T5194,2018,7,0.09662855202107296
ID587,49,male,local,high,sporadic,no,14099,135609,5,high,divorced,0,3834432,etf,high,30,high,T5195,2018,3,0.7639555518080509
ID587,49,male,local,high,sporadic,no,14099,135609,5,high,divorced,0,3834432,etf,medium,1,medium,T5196,2017,8,0.5284968994942478
ID588,45,male,foreign,low,sporadic,no,12631,153805,0,high,single,0,2344512,etf,high,1,high,T5197,2018,4,0.09000941365930881
ID588,45,male,foreign,low,sporadic,no,12631,153805,0,high,single,0,2344512,etf,high,1,high,T5198,2016,3,0.7680883380793375
ID588,45,male,foreign,low,sporadic,no,12631,153805,0,high,single,0,2344512,etf,high,5,high,T5199,2018,2,0.561530194678434
ID588,45,male,foreign,low,sporadic,no,12631,153805,0,high,single,0,2344512,bond,medium,10,medium,T5200,2018,3,0.5926968094294982
ID588,45,male,foreign,low,sporadic,no,12631,153805,0,high,single,0,2344512,etf,high,1,high,T5201,2015,9,0.1495262879530574
ID588,45,male,foreign,low,sporadic,no,12631,153805,0,high,single,0,2344512,etf,high,5,high,T5202,2017,3,0.5915768002644839
ID588,45,male,foreign,low,sporadic,no,12631,153805,0,high,single,0,2344512,stock,high,20,high,T5203,2017,9,0.8795661230203988
ID588,45,male,foreign,low,sporadic,no,12631,153805,0,high,single,0,2344512,etf,high,30,high,T5204,2015,8,0.16928561799613068
ID590,34,male,local,low,sporadic,no,7713,55119,2,low,married,0,814593,stock,medium,5,medium,T5205,2016,8,0.6873031758447135
ID590,34,male,local,low,sporadic,no,7713,55119,2,low,married,0,814593,etf,medium,5,medium,T5206,2018,8,0.05846896378241878
ID590,34,male,local,low,sporadic,no,7713,55119,2,low,married,0,814593,etf,high,1,high,T5207,2018,3,0.7560587227598234
ID590,34,male,local,low,sporadic,no,7713,55119,2,low,married,0,814593,stock,medium,1,medium,T5208,2017,12,0.5208797005166128
ID590,34,male,local,low,sporadic,no,7713,55119,2,low,married,0,814593,etf,medium,10,medium,T5209,2018,7,0.7499190120405228
ID591,50,female,local,low,new,no,14672,108250,3,high,married,2,5671240,etf,low,1,low,T5210,2018,6,0.05486132832576718
ID592,38,male,local,low,new,no,10427,140630,0,low,married,0,1121490,bond,high,20,high,T5211,2017,1,0.9387388536387016
ID592,38,male,local,low,new,no,10427,140630,0,low,married,0,1121490,etf,high,1,high,T5212,2018,12,0.6760112280569894
ID592,38,male,local,low,new,no,10427,140630,0,low,married,0,1121490,etf,high,5,high,T5213,2018,12,0.5301771641008484
ID592,38,male,local,low,new,no,10427,140630,0,low,married,0,1121490,stock,medium,5,medium,T5214,2019,6,0.871942995431199
ID592,38,male,local,low,new,no,10427,140630,0,low,married,0,1121490,stock,high,5,high,T5215,2015,4,0.12415440494668822
ID592,38,male,local,low,new,no,10427,140630,0,low,married,0,1121490,bond,high,5,high,T5216,2017,9,0.5982196504081162
ID593,30,male,local,high,new,no,7018,62532,3,low,single,2,100206,etf,high,5,high,T5217,2016,7,0.06868067484370666
ID593,30,male,local,high,new,no,7018,62532,3,low,single,2,100206,stock,medium,10,medium,T5218,2016,7,0.6071765488433043
ID593,30,male,local,high,new,no,7018,62532,3,low,single,2,100206,bond,medium,30,medium,T5219,2017,2,0.0384686286524048
ID593,30,male,local,high,new,no,7018,62532,3,low,single,2,100206,bond,low,30,low,T5220,2018,4,0.12873336104537592
ID593,30,male,local,high,new,no,7018,62532,3,low,single,2,100206,etf,medium,20,medium,T5221,2017,4,0.5186532315689942
ID594,48,male,local,low,new,no,13573,158762,2,high,divorced,0,3263058,etf,high,10,high,T5222,2018,6,0.7504495183737894
ID594,48,male,local,low,new,no,13573,158762,2,high,divorced,0,3263058,etf,high,1,high,T5223,2018,8,0.5086520944657378
ID594,48,male,local,low,new,no,13573,158762,2,high,divorced,0,3263058,etf,high,5,high,T5224,2018,2,0.7438660854276837
ID595,28,male,foreign,low,new,no,5973,109275,1,low,married,1,566209,etf,high,10,high,T5225,2015,8,0.5406343043576209
ID595,28,male,foreign,low,new,no,5973,109275,1,low,married,1,566209,etf,low,5,low,T5226,2015,12,0.6521637611927837
ID598,42,male,local,low,new,no,10673,142270,0,high,single,0,2411808,stock,low,1,low,T5232,2019,2,0.9935468334936428
ID598,42,male,local,low,new,no,10673,142270,0,high,single,0,2411808,etf,low,10,low,T5233,2015,3,0.28308852417581115
ID598,42,male,local,low,new,no,10673,142270,0,high,single,0,2411808,stock,low,10,low,T5234,2017,5,0.8159942967320728
ID599,55,male,foreign,low,new,no,15584,204750,0,high,married,0,5237122,bond,low,30,low,T5235,2015,6,0.5417920974649213
ID599,55,male,foreign,low,new,no,15584,204750,0,high,married,0,5237122,stock,low,10,low,T5236,2016,9,0.8102018492381179
ID599,55,male,foreign,low,new,no,15584,204750,0,high,married,0,5237122,etf,high,30,high,T5237,2018,2,0.19804256751014454
ID599,55,male,foreign,low,new,no,15584,204750,0,high,married,0,5237122,etf,high,30,high,T5238,2016,8,0.7116629221314679
ID600,57,male,local,low,new,no,16998,201891,3,high,married,1,5148396,etf,low,10,low,T5239,2015,5,0.6837534887320912
ID601,26,male,local,low,new,no,5043,62482,0,low,married,0,384435,etf,high,5,high,T5240,2019,7,0.9017857206192302
ID601,26,male,local,low,new,no,5043,62482,0,low,married,0,384435,bond,high,10,high,T5241,2018,8,0.5101438511211872
ID602,33,male,local,high,new,no,7947,79175,1,low,married,0,445008,stock,low,10,low,T5242,2017,4,0.6035232318798024
ID602,33,male,local,high,new,no,7947,79175,1,low,married,0,445008,bond,high,10,high,T5243,2018,8,0.9529760154036719
ID603,33,female,local,low,sporadic,no,7213,68956,0,low,married,0,991404,etf,high,5,high,T5244,2017,8,0.6010793789764797
ID603,33,female,local,low,sporadic,no,7213,68956,0,low,married,0,991404,etf,high,1,high,T5245,2018,2,0.567227091872434
ID603,33,female,local,low,sporadic,no,7213,68956,0,low,married,0,991404,etf,medium,5,medium,T5246,2015,3,0.6171425627394836
ID605,43,female,foreign,low,new,no,12290,129371,1,high,single,0,5500,etf,high,30,high,T5247,2016,2,0.0
ID605,43,female,foreign,low,new,no,12290,129371,1,high,single,0,5500,etf,low,10,low,T5248,2018,10,0.8657613049608188
ID605,43,female,foreign,low,new,no,12290,129371,1,high,single,0,5500,etf,low,5,low,T5249,2017,9,0.5208549670342238
ID606,32,female,foreign,low,sporadic,no,7135,84469,1,low,married,4,1165725,bond,medium,20,medium,T5250,2017,8,0.07393349615383427
ID607,53,female,local,low,new,no,16584,155166,4,high,married,1,10412128,stock,medium,30,medium,T5251,2018,9,0.821078013035419
ID610,41,female,foreign,low,new,no,10647,75786,2,high,married,5,1833620,etf,medium,20,medium,T5255,2016,3,0.7864669591379261
ID611,42,female,local,low,sporadic,no,10996,102260,1,high,single,0,1326675,bond,low,1,low,T5256,2015,9,0.8854311730236702
ID611,42,female,local,low,sporadic,no,10996,102260,1,high,single,0,1326675,bond,low,1,low,T5257,2019,4,0.8038346991661001
ID611,42,female,local,low,sporadic,no,10996,102260,1,high,single,0,1326675,etf,low,20,low,T5258,2018,2,0.5608103578648325
ID612,29,male,local,low,new,yes,6121,61835,3,low,married,2,662352,stock,low,10,low,T5259,2017,8,0.8154309810061865
ID612,29,male,local,low,new,yes,6121,61835,3,low,married,2,662352,stock,low,20,low,T5260,2015,8,0.6219806184922878
ID612,29,male,local,low,new,yes,6121,61835,3,low,married,2,662352,stock,low,20,low,T5261,2015,8,0.15206655085230697
ID612,29,male,local,low,new,yes,6121,61835,3,low,married,2,662352,stock,high,10,high,T5262,2019,8,0.7479641326454093
ID612,29,male,local,low,new,yes,6121,61835,3,low,married,2,662352,bond,medium,20,medium,T5263,2018,8,0.01325668539846886
ID612,29,male,local,low,new,yes,6121,61835,3,low,married,2,662352,etf,high,1,high,T5264,2019,6,0.2954292470955972
ID613,44,male,local,low,sporadic,no,12299,120182,1,high,married,2,6431996,etf,low,10,low,T5265,2019,11,0.0
ID613,44,male,local,low,sporadic,no,12299,120182,1,high,married,2,6431996,bond,low,1,low,T5266,2016,11,0.6230890046125915
ID613,44,male,local,low,sporadic,no,12299,120182,1,high,married,2,6431996,etf,high,30,high,T5267,2018,9,0.16530744964869132
ID613,44,male,local,low,sporadic,no,12299,120182,1,high,married,2,6431996,etf,high,20,high,T5268,2018,2,0.9133511926325857
ID615,39,male,local,medium,new,no,9578,40021,2,low,divorced,1,2936484,etf,low,10,low,T5270,2018,8,0.5941811357171051
ID615,39,male,local,medium,new,no,9578,40021,2,low,divorced,1,2936484,stock,medium,30,medium,T5271,2018,7,0.695851739845583
ID615,39,male,local,medium,new,no,9578,40021,2,low,divorced,1,2936484,etf,high,10,high,T5272,2019,8,0.15947814957502238
ID616,37,male,local,low,new,no,8981,83727,0,low,married,1,2196128,bond,medium,30,medium,T5273,2018,6,0.06327620149318391
ID616,37,male,local,low,new,no,8981,83727,0,low,married,1,2196128,stock,low,10,low,T5274,2019,7,0.11617781299950625
ID617,41,female,local,medium,new,no,9892,110165,0,high,single,0,2430280,bond,low,1,low,T5275,2016,5,0.7398508699516846
ID617,41,female,local,medium,new,no,9892,110165,0,high,single,0,2430280,etf,high,1,high,T5276,2019,3,0.24585830840283146
ID618,42,female,foreign,low,new,yes,11136,70256,2,high,married,0,1780632,etf,low,10,low,T5277,2016,6,0.5717185262713204
ID618,42,female,foreign,low,new,yes,11136,70256,2,high,married,0,1780632,etf,low,10,low,T5278,2018,8,0.7064548113120319
ID619,45,female,local,low,new,no,11819,75556,0,high,married,0,5791080,etf,high,5,high,T5279,2018,8,0.0
ID619,45,female,local,low,new,no,11819,75556,0,high,married,0,5791080,stock,medium,10,medium,T5280,2018,7,0.805304073394581
ID619,45,female,local,low,new,no,11819,75556,0,high,married,0,5791080,etf,high,10,high,T5281,2015,8,0.23865651801093124
ID619,45,female,local,low,new,no,11819,75556,0,high,married,0,5791080,bond,high,10,high,T5282,2019,4,0.5192965467589544
ID619,45,female,local,low,new,no,11819,75556,0,high,married,0,5791080,etf,medium,5,medium,T5283,2016,2,0.25926059679710306
ID619,45,female,local,low,new,no,11819,75556,0,high,married,0,5791080,stock,high,20,high,T5284,2018,4,0.21206945192515314
ID620,27,male,local,low,long-term,yes,4579,24290,2,low,married,6,488820,bond,medium,10,medium,T5285,2018,3,0.01367834733839668
ID620,27,male,local,low,long-term,yes,4579,24290,2,low,married,6,488820,etf,high,1,high,T5286,2018,8,0.2702248510595969
ID620,27,male,local,low,long-term,yes,4579,24290,2,low,married,6,488820,bond,low,1,low,T5287,2017,2,0.8309552209472276
ID620,27,male,local,low,long-term,yes,4579,24290,2,low,married,6,488820,etf,high,1,high,T5288,2018,6,0.2361553360245538
ID621,25,female,local,low,new,yes,5109,62326,0,low,single,2,316928,etf,low,30,low,T5289,2017,8,0.6465540451286612
ID621,25,female,local,low,new,yes,5109,62326,0,low,single,2,316928,etf,low,10,low,T5290,2018,6,0.29806256019079136
ID621,25,female,local,low,new,yes,5109,62326,0,low,single,2,316928,stock,medium,1,medium,T5291,2017,10,0.5858366175283853
ID621,25,female,local,low,new,yes,5109,62326,0,low,single,2,316928,stock,low,10,low,T5292,2018,12,0.5119841061089874
ID621,25,female,local,low,new,yes,5109,62326,0,low,single,2,316928,etf,medium,1,medium,T5293,2015,11,0.6853483826142651
ID622,39,female,local,low,sporadic,no,9254,52364,1,low,married,0,3796848,etf,high,5,high,T5294,2019,11,0.6861616692225466
ID622,39,female,local,low,sporadic,no,9254,52364,1,low,married,0,3796848,stock,low,1,low,T5295,2018,2,0.950836015284875
ID622,39,female,local,low,sporadic,no,9254,52364,1,low,married,0,3796848,etf,medium,30,medium,T5296,2019,7,0.7454522330661507
ID622,39,female,local,low,sporadic,no,9254,52364,1,low,married,0,3796848,etf,high,10,high,T5297,2018,7,0.5469752112480164
ID623,41,female,local,medium,new,no,10933,119948,3,high,married,0,3300380,etf,high,10,high,T5298,2016,10,0.1645861636033848
ID623,41,female,local,medium,new,no,10933,119948,3,high,married,0,3300380,etf,high,20,high,T5299,2018,4,0.5653032886272401
ID623,41,female,local,medium,new,no,10933,119948,3,high,married,0,3300380,etf,high,10,high,T5300,2018,8,0.8386548777918089
ID623,41,female,local,medium,new,no,10933,119948,3,high,married,0,3300380,bond,medium,10,medium,T5301,2016,2,0.638906755747687
ID624,34,female,local,low,sporadic,no,9715,118057,1,low,married,0,97721,etf,high,20,high,T5302,2018,8,0.0486392316546187
ID625,43,female,local,low,new,no,10893,50918,0,high,married,0,4520318,stock,low,5,low,T5303,2018,3,0.7086767065824386
ID625,43,female,local,low,new,no,10893,50918,0,high,married,0,4520318,etf,low,5,low,T5304,2015,2,0.2774728390274491
ID625,43,female,local,low,new,no,10893,50918,0,high,married,0,4520318,bond,medium,20,medium,T5305,2016,3,0.8714762202955736
ID626,34,male,foreign,low,new,no,8101,64188,2,low,divorced,0,2004886,etf,high,10,high,T5306,2019,12,0.5787740218597708
ID626,34,male,foreign,low,new,no,8101,64188,2,low,divorced,0,2004886,etf,high,10,high,T5307,2017,2,0.6406221439949141
ID626,34,male,foreign,low,new,no,8101,64188,2,low,divorced,0,2004886,etf,medium,10,medium,T5308,2018,9,0.5305635927001088
ID626,34,male,foreign,low,new,no,8101,64188,2,low,divorced,0,2004886,stock,high,1,high,T5309,2016,2,0.7778419301816722
ID626,34,male,foreign,low,new,no,8101,64188,2,low,divorced,0,2004886,bond,medium,20,medium,T5310,2017,10,0.9291700977003639
ID626,34,male,foreign,low,new,no,8101,64188,2,low,divorced,0,2004886,etf,medium,5,medium,T5311,2019,11,0.25035763234231806
ID626,34,male,foreign,low,new,no,8101,64188,2,low,divorced,0,2004886,etf,medium,20,medium,T5312,2017,1,0.5487685539722023
ID627,46,male,local,low,sporadic,yes,13097,87818,2,high,married,0,5738000,bond,low,10,low,T5313,2017,8,0.21684674284496414
ID628,32,female,local,low,new,no,7011,31167,1,low,married,0,673409,etf,low,1,low,T5314,2017,8,0.7882897703651511
ID629,44,male,foreign,low,new,no,12163,99217,1,high,married,0,3668822,bond,high,30,high,T5315,2015,9,0.7383361701896135
ID629,44,male,foreign,low,new,no,12163,99217,1,high,married,0,3668822,etf,high,5,high,T5316,2019,12,0.7713941287599125
ID630,46,female,foreign,low,long-term,no,12921,153469,2,high,married,0,3443725,etf,high,10,high,T5317,2017,9,0.6948014203514397
ID630,46,female,foreign,low,long-term,no,12921,153469,2,high,married,0,3443725,etf,low,10,low,T5318,2017,8,0.6593589078461817
ID631,36,female,local,low,sporadic,yes,9146,99630,0,low,married,1,264975,etf,medium,5,medium,T5319,2016,2,0.019244620874489637
ID635,43,female,local,low,sporadic,no,12491,114479,3,high,married,0,1847604,bond,high,10,high,T5320,2017,10,0.7149721419874413
ID635,43,female,local,low,sporadic,no,12491,114479,3,high,married,0,1847604,etf,high,30,high,T5321,2017,2,0.9846842681624735
ID636,47,male,local,low,new,no,13009,99071,2,high,single,0,2066532,etf,high,5,high,T5322,2019,2,0.0977107631667169
ID636,47,male,local,low,new,no,13009,99071,2,high,single,0,2066532,stock,high,5,high,T5323,2016,3,0.6122239833056158
ID637,43,female,local,high,new,no,12495,132119,0,high,single,0,4135890,etf,high,30,high,T5324,2016,2,0.6738102115890942
ID637,43,female,local,high,new,no,12495,132119,0,high,single,0,4135890,stock,medium,10,medium,T5325,2017,6,0.5937065408386041
ID637,43,female,local,high,new,no,12495,132119,0,high,single,0,4135890,bond,low,1,low,T5326,2018,7,0.2760413975702723
